image,num_rois,mean_intensity,std_intensity
Run100BL_bottom_left.tif,914,63.3834,56.2255
Run100BL_bottom_right.tif,1041,64.6608,55.9334
Run100BL_top_left.tif,1141,66.6572,58.0109
Run100BL_top_right.tif,1202,66.0841,57.4935
Run100BR_bottom_left.tif,1163,63.7963,54.9399
Run100BR_bottom_right.tif,1134,62.7465,54.8140
Run100BR_top_left.tif,1162,65.4521,56.2609
Run100BR_top_right.tif,1177,64.9112,56.3899
Run100TL_bottom_left.tif,1090,67.0688,58.0420
Run100TL_bottom_right.tif,868,66.5525,58.4079
Run100TL_top_left.tif,1098,66.1824,57.8436
Run100TL_top_right.tif,850,64.6686,59.0666
Run100TR_bottom_left.tif,945,66.0554,57.4375
Run100TR_bottom_right.tif,1060,66.2822,56.6895
Run100TR_top_left.tif,984,66.1007,58.0823
Run100TR_top_right.tif,1046,65.1858,57.8543
Run101BL_bottom_left.tif,965,68.7450,60.4782
Run101BL_bottom_right.tif,1037,70.6531,60.6191
Run101BL_top_left.tif,962,67.6804,59.3406
Run101BL_top_right.tif,1043,69.8106,59.5071
Run101BR_bottom_left.tif,1113,72.2942,61.7655
Run101BR_bottom_right.tif,1092,72.7193,62.8818
Run101BR_top_left.tif,1031,69.2443,59.6489
Run101BR_top_right.tif,1064,70.0948,61.1083
Run101TL_bottom_left.tif,913,66.6249,58.1246
Run101TL_bottom_right.tif,991,67.7965,58.4472
Run101TL_top_left.tif,935,64.9036,56.2876
Run101TL_top_right.tif,932,66.6416,57.8124
Run101TR_bottom_left.tif,991,66.0131,58.0357
Run101TR_bottom_right.tif,1126,69.2188,58.7121
Run101TR_top_left.tif,959,66.5617,57.9881
Run101TR_top_right.tif,1087,67.8587,58.7012
Run102BL_bottom_left.tif,811,87.6645,77.2014
Run102BL_bottom_right.tif,662,86.2915,75.7994
Run102BL_top_left.tif,824,87.3121,77.9301
Run102BL_top_right.tif,721,85.7098,77.3751
Run102BR_bottom_left.tif,675,87.3178,77.0235
Run102BR_bottom_right.tif,808,85.2749,75.8388
Run102BR_top_left.tif,791,87.4080,77.3042
Run102BR_top_right.tif,845,86.3529,77.3478
Run102TL_bottom_left.tif,891,90.7109,81.1630
Run102TL_bottom_right.tif,816,89.5704,80.9406
Run102TL_top_left.tif,952,81.8578,77.4939
Run102TL_top_right.tif,748,78.0411,76.6854
Run102TR_bottom_left.tif,821,89.1030,80.7701
Run102TR_bottom_right.tif,781,91.7454,81.7930
Run102TR_top_left.tif,716,78.3264,77.5275
Run102TR_top_right.tif,654,79.1631,77.3519
Run103BL_bottom_left.tif,659,98.1862,83.8030
Run103BL_bottom_right.tif,760,103.2213,83.7945
Run103BL_top_left.tif,548,97.7069,83.9639
Run103BL_top_right.tif,750,98.6441,82.2305
Run103BR_bottom_left.tif,822,100.3269,83.9203
Run103BR_bottom_right.tif,748,102.1149,85.4173
Run103BR_top_left.tif,743,101.8041,83.5512
Run103BR_top_right.tif,816,99.5259,81.9342
Run103TL_bottom_left.tif,473,98.5130,83.5604
Run103TL_bottom_right.tif,600,97.7866,82.5872
Run103TL_top_left.tif,514,97.7528,84.5284
Run103TL_top_right.tif,637,98.2646,83.4110
Run103TR_bottom_left.tif,763,100.0407,83.2599
Run103TR_bottom_right.tif,806,98.5554,83.1035
Run103TR_top_left.tif,765,96.9764,81.5015
Run103TR_top_right.tif,909,97.5076,81.2882
Run10BL_bottom_left.tif,398,88.7232,73.1005
Run10BL_bottom_right.tif,388,92.3580,75.9051
Run10BL_top_left.tif,488,85.8423,71.3869
Run10BL_top_right.tif,416,87.3506,71.3790
Run10BR_bottom_left.tif,430,92.1684,74.9263
Run10BR_bottom_right.tif,365,89.5316,75.3605
Run10BR_top_left.tif,350,89.0088,73.3737
Run10BR_top_right.tif,470,85.9518,71.9278
Run10TL_bottom_left.tif,469,83.5534,70.7447
Run10TL_bottom_right.tif,411,82.6570,68.8670
Run10TL_top_left.tif,479,64.8228,60.2791
Run10TL_top_right.tif,524,67.9560,61.3124
Run10TR_bottom_left.tif,396,84.5231,69.9949
Run10TR_bottom_right.tif,477,79.5550,68.2812
Run10TR_top_left.tif,393,66.6511,60.1623
Run10TR_top_right.tif,526,66.0141,60.4000
Run11BL_bottom_left.tif,451,60.9699,54.0688
Run11BL_bottom_right.tif,581,61.5254,53.4825
Run11BL_top_left.tif,553,59.9891,52.2451
Run11BL_top_right.tif,574,60.1584,53.0314
Run11BR_bottom_left.tif,526,61.5348,53.9450
Run11BR_bottom_right.tif,431,61.2607,53.8715
Run11BR_top_left.tif,566,59.6395,51.9263
Run11BR_top_right.tif,525,60.5220,53.3148
Run11TL_bottom_left.tif,535,60.8976,52.1088
Run11TL_bottom_right.tif,467,58.8105,52.7267
Run11TL_top_left.tif,457,47.6164,47.4626
Run11TL_top_right.tif,470,48.2759,46.9948
Run11TR_bottom_left.tif,553,57.7471,52.3529
Run11TR_bottom_right.tif,565,59.9003,53.3904
Run11TR_top_left.tif,545,49.1599,48.6750
Run11TR_top_right.tif,577,50.3404,47.8711
Run12BL_bottom_left.tif,423,79.2680,64.1878
Run12BL_bottom_right.tif,480,75.3794,63.6060
Run12BL_top_left.tif,406,76.6535,63.3520
Run12BL_top_right.tif,369,76.7238,62.3503
Run12BR_bottom_left.tif,527,76.0828,63.0175
Run12BR_bottom_right.tif,365,80.8609,64.7893
Run12BR_top_left.tif,450,74.8114,62.1663
Run12BR_top_right.tif,441,76.3753,62.0798
Run12TL_bottom_left.tif,443,74.7837,61.3254
Run12TL_bottom_right.tif,429,75.2510,64.0671
Run12TL_top_left.tif,412,65.4068,58.7369
Run12TL_top_right.tif,410,66.0047,59.0462
Run12TR_bottom_left.tif,419,76.0751,62.6571
Run12TR_bottom_right.tif,510,75.7242,61.9730
Run12TR_top_left.tif,460,68.2333,61.5249
Run12TR_top_right.tif,389,65.3537,59.9701
Run15BL_bottom_left.tif,395,86.5446,70.0666
Run15BL_bottom_right.tif,430,86.1056,69.7252
Run15BL_top_left.tif,465,87.1526,69.5970
Run15BL_top_right.tif,407,84.6664,67.6400
Run15BR_bottom_left.tif,426,85.8231,69.6988
Run15BR_bottom_right.tif,492,88.3726,70.0736
Run15BR_top_left.tif,436,84.1363,67.4317
Run15BR_top_right.tif,447,86.4484,68.6310
Run15TL_bottom_left.tif,522,86.8764,69.8151
Run15TL_bottom_right.tif,522,81.9617,66.5871
Run15TL_top_left.tif,622,80.3243,65.7657
Run15TL_top_right.tif,574,80.4922,67.2893
Run15TR_bottom_left.tif,545,85.4466,67.3279
Run15TR_bottom_right.tif,448,84.4380,68.7902
Run15TR_top_left.tif,557,81.8980,66.6516
Run15TR_top_right.tif,493,80.1754,65.5090
Run16BL_bottom_left.tif,419,88.9085,68.4606
Run16BL_bottom_right.tif,472,90.2566,69.1305
Run16BL_top_left.tif,399,85.4502,66.6144
Run16BL_top_right.tif,412,84.4939,67.0329
Run16BR_bottom_left.tif,448,89.9269,69.5646
Run16BR_bottom_right.tif,430,89.1195,68.0950
Run16BR_top_left.tif,425,86.9052,67.8689
Run16BR_top_right.tif,498,85.9555,65.9117
Run16TL_bottom_left.tif,405,84.5734,67.4410
Run16TL_bottom_right.tif,403,82.3396,65.8721
Run16TL_top_left.tif,385,71.9796,62.0312
Run16TL_top_right.tif,426,71.8998,63.1266
Run16TR_bottom_left.tif,442,80.7520,64.9622
Run16TR_bottom_right.tif,511,82.4705,65.8553
Run16TR_top_left.tif,376,70.5373,62.2679
Run16TR_top_right.tif,418,74.3801,64.3700
Run17BL_bottom_left.tif,241,76.6332,64.1194
Run17BL_bottom_right.tif,213,78.2919,64.4601
Run17BL_top_left.tif,224,74.8442,61.2740
Run17BL_top_right.tif,238,79.0718,63.5634
Run17BR_bottom_left.tif,196,76.6911,63.8783
Run17BR_bottom_right.tif,205,77.1048,64.5311
Run17BR_top_left.tif,231,70.8100,59.0560
Run17BR_top_right.tif,203,78.9447,65.2671
Run17TL_bottom_left.tif,253,75.1262,62.4672
Run17TL_bottom_right.tif,210,74.0462,63.4863
Run17TL_top_left.tif,244,63.9217,60.5919
Run17TL_top_right.tif,220,67.0845,62.7318
Run17TR_bottom_left.tif,263,76.0643,63.9472
Run17TR_bottom_right.tif,236,72.1862,60.8871
Run17TR_top_left.tif,232,69.1091,61.0155
Run17TR_top_right.tif,266,66.0832,58.5642
Run18BL_bottom_left.tif,525,97.3509,76.4257
Run18BL_bottom_right.tif,625,101.2854,79.4877
Run18BL_top_left.tif,499,93.1396,73.5518
Run18BL_top_right.tif,575,94.6333,75.2285
Run18BR_bottom_left.tif,510,103.0585,80.6992
Run18BR_bottom_right.tif,435,102.6725,81.1734
Run18BR_top_left.tif,510,97.9725,77.2894
Run18BR_top_right.tif,457,99.9619,77.2786
Run18TL_bottom_left.tif,583,86.7478,71.6543
Run18TL_bottom_right.tif,470,85.7533,71.1760
Run18TL_top_left.tif,581,71.5843,64.2220
Run18TL_top_right.tif,397,66.2605,62.1945
Run18TR_bottom_left.tif,515,89.4888,72.5048
Run18TR_bottom_right.tif,456,88.7365,73.2172
Run18TR_top_left.tif,462,70.9964,64.1579
Run18TR_top_right.tif,415,71.1088,63.6301
Run19BL_bottom_left.tif,445,107.5875,85.6159
Run19BL_bottom_right.tif,452,105.0063,84.6336
Run19BL_top_left.tif,467,100.3302,80.6720
Run19BL_top_right.tif,436,104.4845,82.1113
Run19BR_bottom_left.tif,481,102.8636,83.7035
Run19BR_bottom_right.tif,478,104.4966,83.2735
Run19BR_top_left.tif,356,103.9416,82.9042
Run19BR_top_right.tif,436,106.0634,83.8066
Run19TL_bottom_left.tif,398,100.3486,82.8093
Run19TL_bottom_right.tif,369,101.5631,82.4838
Run19TL_top_left.tif,434,92.7704,80.1342
Run19TL_top_right.tif,295,91.4886,77.9788
Run19TR_bottom_left.tif,428,101.3016,82.5183
Run19TR_bottom_right.tif,394,100.6528,82.2095
Run19TR_top_left.tif,326,94.5250,80.0115
Run19TR_top_right.tif,355,88.1517,77.0385
Run1BL_bottom_left.tif,671,98.8593,71.5998
Run1BL_bottom_right.tif,715,102.9625,72.7144
Run1BL_top_left.tif,748,94.3118,69.7775
Run1BL_top_right.tif,684,98.5330,70.8966
Run1BR_bottom_left.tif,647,101.0957,73.6536
Run1BR_bottom_right.tif,593,100.7623,73.3822
Run1BR_top_left.tif,589,95.5406,70.8338
Run1BR_top_right.tif,612,98.5023,70.7293
Run1TL_bottom_left.tif,719,88.0747,67.5204
Run1TL_bottom_right.tif,795,85.8200,66.1222
Run1TL_top_left.tif,738,72.2756,60.5396
Run1TL_top_right.tif,708,71.5453,60.8647
Run1TR_bottom_left.tif,645,89.4075,68.0291
Run1TR_bottom_right.tif,643,92.9688,69.6894
Run1TR_top_left.tif,611,72.5069,62.1582
Run1TR_top_right.tif,586,74.1242,63.6877
Run20BL_bottom_left.tif,712,81.8695,67.7665
Run20BL_bottom_right.tif,753,81.3600,68.4053
Run20BL_top_left.tif,813,80.2247,68.2318
Run20BL_top_right.tif,745,79.5474,67.0610
Run20BR_bottom_left.tif,642,87.1421,68.5369
Run20BR_bottom_right.tif,555,86.4015,70.2652
Run20BR_top_left.tif,853,83.4147,67.4396
Run20BR_top_right.tif,847,82.0802,68.8609
Run20TL_bottom_left.tif,753,79.9346,65.0507
Run20TL_bottom_right.tif,739,78.9963,66.2244
Run20TL_top_left.tif,626,65.8027,59.3479
Run20TL_top_right.tif,724,65.5713,57.9399
Run20TR_bottom_left.tif,762,76.9926,64.9059
Run20TR_bottom_right.tif,756,79.8208,66.9919
Run20TR_top_left.tif,785,64.8831,57.9173
Run20TR_top_right.tif,812,65.1383,57.5297
Run21BL_bottom_left.tif,524,84.1421,69.1171
Run21BL_bottom_right.tif,600,83.9515,69.3779
Run21BL_top_left.tif,606,78.2162,66.3777
Run21BL_top_right.tif,475,80.9442,66.9436
Run21BR_bottom_left.tif,510,84.2539,69.3960
Run21BR_bottom_right.tif,621,85.4874,70.8162
Run21BR_top_left.tif,546,82.1371,69.0154
Run21BR_top_right.tif,560,82.4293,67.4915
Run21TL_bottom_left.tif,425,76.5383,64.5466
Run21TL_bottom_right.tif,505,76.5279,64.4951
Run21TL_top_left.tif,349,64.8134,60.5211
Run21TL_top_right.tif,555,68.3511,60.6417
Run21TR_bottom_left.tif,651,74.5570,64.2072
Run21TR_bottom_right.tif,686,76.7143,64.8450
Run21TR_top_left.tif,560,65.9319,59.8503
Run21TR_top_right.tif,608,65.6517,61.2838
Run22BL_bottom_left.tif,532,77.2415,64.7601
Run22BL_bottom_right.tif,660,77.1331,65.2824
Run22BL_top_left.tif,537,77.4395,64.1830
Run22BL_top_right.tif,658,75.4782,65.1307
Run22BR_bottom_left.tif,542,78.8253,65.8925
Run22BR_bottom_right.tif,551,77.8810,64.9787
Run22BR_top_left.tif,653,74.4285,63.2308
Run22BR_top_right.tif,547,74.1521,62.7854
Run22TL_bottom_left.tif,482,75.0142,63.3752
Run22TL_bottom_right.tif,618,70.6051,60.4155
Run22TL_top_left.tif,560,65.8300,63.0049
Run22TL_top_right.tif,585,67.8229,60.3216
Run22TR_bottom_left.tif,702,71.3673,62.1304
Run22TR_bottom_right.tif,537,70.9649,61.8353
Run22TR_top_left.tif,614,65.4598,59.4307
Run22TR_top_right.tif,659,65.6194,59.8618
Run23BL_bottom_left.tif,625,62.8669,56.2117
Run23BL_bottom_right.tif,558,62.3051,55.5039
Run23BL_top_left.tif,643,65.4341,57.0979
Run23BL_top_right.tif,636,64.2960,56.9625
Run23BR_bottom_left.tif,731,64.4043,56.4163
Run23BR_bottom_right.tif,766,63.0536,55.3862
Run23BR_top_left.tif,635,66.8493,57.4402
Run23BR_top_right.tif,698,64.8855,56.2750
Run23TL_bottom_left.tif,638,72.0139,60.2474
Run23TL_bottom_right.tif,616,68.6051,59.6054
Run23TL_top_left.tif,648,64.7385,57.4831
Run23TL_top_right.tif,665,65.0422,57.5657
Run23TR_bottom_left.tif,544,68.3002,59.5346
Run23TR_bottom_right.tif,624,68.6992,59.9199
Run23TR_top_left.tif,534,65.2594,57.2092
Run23TR_top_right.tif,442,64.9831,55.7179
Run24BL_bottom_left.tif,597,84.5883,71.0254
Run24BL_bottom_right.tif,547,84.5159,70.9252
Run24BL_top_left.tif,549,81.9610,68.7123
Run24BL_top_right.tif,580,80.9182,68.2014
Run24BR_bottom_left.tif,546,85.4574,72.0106
Run24BR_bottom_right.tif,477,84.1544,71.6286
Run24BR_top_left.tif,562,85.1672,71.4268
Run24BR_top_right.tif,655,83.6928,70.1435
Run24TL_bottom_left.tif,613,76.6680,67.4657
Run24TL_bottom_right.tif,526,74.3842,64.8575
Run24TL_top_left.tif,634,70.1566,63.2696
Run24TL_top_right.tif,652,65.4281,59.6936
Run24TR_bottom_left.tif,477,78.8485,67.0558
Run24TR_bottom_right.tif,567,76.5080,66.3406
Run24TR_top_left.tif,508,69.0312,62.9532
Run24TR_top_right.tif,419,69.2169,63.6773
Run25BL_bottom_left.tif,863,77.3428,63.3108
Run25BL_bottom_right.tif,715,76.9881,63.9399
Run25BL_top_left.tif,769,74.0913,60.4935
Run25BL_top_right.tif,622,72.1847,60.0222
Run25BR_bottom_left.tif,681,77.9466,64.5652
Run25BR_bottom_right.tif,777,82.4845,65.7347
Run25BR_top_left.tif,747,73.9848,62.0921
Run25BR_top_right.tif,698,77.4992,64.4563
Run25TL_bottom_left.tif,804,69.1151,57.8290
Run25TL_bottom_right.tif,596,69.7231,58.7693
Run25TL_top_left.tif,787,58.4580,54.0022
Run25TL_top_right.tif,642,61.8927,56.4017
Run25TR_bottom_left.tif,576,68.6913,59.3842
Run25TR_bottom_right.tif,568,70.3768,60.7344
Run25TR_top_left.tif,693,59.3848,54.3284
Run25TR_top_right.tif,720,59.4459,54.8867
Run26BL_bottom_left.tif,567,93.1543,74.9476
Run26BL_bottom_right.tif,672,94.8579,76.3837
Run26BL_top_left.tif,603,94.3839,75.7661
Run26BL_top_right.tif,589,95.2976,75.9435
Run26BR_bottom_left.tif,541,96.1003,75.8543
Run26BR_bottom_right.tif,695,95.1699,75.2063
Run26BR_top_left.tif,745,93.9686,75.6281
Run26BR_top_right.tif,574,96.6239,76.2098
Run26TL_bottom_left.tif,591,93.2104,75.1911
Run26TL_bottom_right.tif,624,90.8041,73.7461
Run26TL_top_left.tif,705,87.5422,71.6498
Run26TL_top_right.tif,548,87.2585,72.3242
Run26TR_bottom_left.tif,615,89.3278,73.1381
Run26TR_bottom_right.tif,636,89.6553,73.0048
Run26TR_top_left.tif,613,88.4011,72.5028
Run26TR_top_right.tif,593,84.5643,69.9367
Run27BL_bottom_left.tif,480,90.3188,73.5553
Run27BL_bottom_right.tif,519,87.9018,73.6091
Run27BL_top_left.tif,474,89.0377,72.2415
Run27BL_top_right.tif,451,85.6675,70.9758
Run27BR_bottom_left.tif,545,87.4864,72.9612
Run27BR_bottom_right.tif,538,89.0127,73.7034
Run27BR_top_left.tif,337,83.8566,69.3898
Run27BR_top_right.tif,486,87.1234,72.7608
Run27TL_bottom_left.tif,544,85.5019,71.3186
Run27TL_bottom_right.tif,428,85.2584,71.0793
Run27TL_top_left.tif,603,75.4559,65.8215
Run27TL_top_right.tif,429,76.6616,64.9913
Run27TR_bottom_left.tif,445,83.7815,69.0591
Run27TR_bottom_right.tif,466,83.4347,70.1449
Run27TR_top_left.tif,468,74.1316,65.4655
Run27TR_top_right.tif,359,78.5032,66.1635
Run28BL_bottom_left.tif,354,105.1599,83.1326
Run28BL_bottom_right.tif,518,107.0781,83.1844
Run28BL_top_left.tif,471,104.2548,82.8464
Run28BL_top_right.tif,439,99.9980,81.0999
Run28BR_bottom_left.tif,439,102.7078,81.4278
Run28BR_bottom_right.tif,452,104.7080,83.7070
Run28BR_top_left.tif,436,98.9250,81.4822
Run28BR_top_right.tif,447,99.2278,81.1177
Run28TL_bottom_left.tif,385,99.6714,79.6729
Run28TL_bottom_right.tif,403,98.6749,78.9661
Run28TL_top_left.tif,409,90.9455,76.3341
Run28TL_top_right.tif,393,89.0649,76.1006
Run28TR_bottom_left.tif,325,95.6304,78.3555
Run28TR_bottom_right.tif,558,94.9188,78.1202
Run28TR_top_left.tif,464,87.9072,74.8777
Run28TR_top_right.tif,489,87.6184,74.5989
Run29BL_bottom_left.tif,371,107.5623,83.9507
Run29BL_bottom_right.tif,286,106.7463,84.4042
Run29BL_top_left.tif,447,104.7673,82.6312
Run29BL_top_right.tif,355,103.3865,83.0288
Run29BR_bottom_left.tif,235,107.5304,84.1704
Run29BR_bottom_right.tif,370,108.6928,85.1444
Run29BR_top_left.tif,345,103.9326,82.1568
Run29BR_top_right.tif,403,106.7316,84.2417
Run29TL_bottom_left.tif,433,104.9444,82.4926
Run29TL_bottom_right.tif,341,102.0585,81.6626
Run29TL_top_left.tif,399,94.7478,79.6360
Run29TL_top_right.tif,365,96.0605,78.0782
Run29TR_bottom_left.tif,396,103.3216,82.1242
Run29TR_bottom_right.tif,367,100.6612,80.9472
Run29TR_top_left.tif,366,94.1402,78.4398
Run29TR_top_right.tif,422,94.4556,77.8145
Run2BL_bottom_left.tif,464,124.5470,88.6007
Run2BL_bottom_right.tif,634,121.0157,87.1647
Run2BL_top_left.tif,432,121.4891,88.2378
Run2BL_top_right.tif,543,120.0650,87.2077
Run2BR_bottom_left.tif,583,119.8364,87.3413
Run2BR_bottom_right.tif,560,122.9354,88.0877
Run2BR_top_left.tif,645,118.3779,85.8108
Run2BR_top_right.tif,630,120.2955,86.7891
Run2TL_bottom_left.tif,478,118.5002,85.9130
Run2TL_bottom_right.tif,627,115.9124,85.0114
Run2TL_top_left.tif,470,104.9469,82.4461
Run2TL_top_right.tif,569,100.5380,79.9441
Run2TR_bottom_left.tif,724,113.6838,84.3180
Run2TR_bottom_right.tif,599,111.7601,83.8589
Run2TR_top_left.tif,608,102.1520,81.2190
Run2TR_top_right.tif,632,100.6375,79.3148
Run30BL_bottom_left.tif,623,104.1775,78.7406
Run30BL_bottom_right.tif,655,105.1890,79.4737
Run30BL_top_left.tif,748,99.1768,77.8805
Run30BL_top_right.tif,575,102.0128,78.3705
Run30BR_bottom_left.tif,758,102.0906,79.7587
Run30BR_bottom_right.tif,692,103.9923,79.6416
Run30BR_top_left.tif,765,97.4591,76.4775
Run30BR_top_right.tif,823,98.2340,77.6967
Run30TL_bottom_left.tif,938,93.3668,73.9837
Run30TL_bottom_right.tif,791,97.9086,76.4380
Run30TL_top_left.tif,883,83.5665,71.6966
Run30TL_top_right.tif,780,85.8479,72.1749
Run30TR_bottom_left.tif,766,99.2257,77.4513
Run30TR_bottom_right.tif,882,93.2707,75.1192
Run30TR_top_left.tif,699,88.1560,73.0869
Run30TR_top_right.tif,768,87.1692,72.7475
Run31BL_bottom_left.tif,445,51.0130,42.9901
Run31BL_bottom_right.tif,482,50.9986,41.9645
Run31BL_top_left.tif,569,47.2897,39.7812
Run31BL_top_right.tif,521,47.2837,40.0064
Run31BR_bottom_left.tif,533,50.4436,42.1179
Run31BR_bottom_right.tif,429,50.4403,41.8772
Run31BR_top_left.tif,528,48.0421,40.1696
Run31BR_top_right.tif,500,49.2459,41.6915
Run31TL_bottom_left.tif,515,42.5735,37.4909
Run31TL_bottom_right.tif,470,43.6592,38.8571
Run31TL_top_left.tif,476,35.6945,34.9107
Run31TL_top_right.tif,520,34.0000,34.1432
Run31TR_bottom_left.tif,402,43.1169,37.5684
Run31TR_bottom_right.tif,418,45.3146,38.5952
Run31TR_top_left.tif,311,38.6972,35.7803
Run31TR_top_right.tif,332,37.7187,34.6557
Run32BL_bottom_left.tif,512,90.2354,70.5068
Run32BL_bottom_right.tif,475,89.0207,69.8135
Run32BL_top_left.tif,544,87.9543,69.7194
Run32BL_top_right.tif,588,90.7022,70.2146
Run32BR_bottom_left.tif,610,89.1392,69.0476
Run32BR_bottom_right.tif,562,91.6583,70.3559
Run32BR_top_left.tif,584,88.5232,69.2925
Run32BR_top_right.tif,606,86.1378,68.0768
Run32TL_bottom_left.tif,547,85.0346,66.6276
Run32TL_bottom_right.tif,500,84.7009,67.0486
Run32TL_top_left.tif,558,73.0585,61.9362
Run32TL_top_right.tif,423,74.3725,62.1433
Run32TR_bottom_left.tif,566,79.6856,63.9674
Run32TR_bottom_right.tif,489,82.8255,65.5649
Run32TR_top_left.tif,509,73.9333,61.6206
Run32TR_top_right.tif,681,72.4538,62.3822
Run33BL_bottom_left.tif,804,58.4290,47.8472
Run33BL_bottom_right.tif,727,59.7411,48.5454
Run33BL_top_left.tif,775,53.7398,44.1462
Run33BL_top_right.tif,861,55.8380,45.8371
Run33BR_bottom_left.tif,823,61.2705,49.4887
Run33BR_bottom_right.tif,820,60.4659,49.8515
Run33BR_top_left.tif,818,56.8780,46.5634
Run33BR_top_right.tif,779,57.0331,47.8072
Run33TL_bottom_left.tif,712,55.7988,46.7170
Run33TL_bottom_right.tif,679,57.9668,48.5596
Run33TL_top_left.tif,582,54.8265,48.0857
Run33TL_top_right.tif,554,53.5628,48.0659
Run33TR_bottom_left.tif,737,56.3069,47.6474
Run33TR_bottom_right.tif,789,55.0699,46.5358
Run33TR_top_left.tif,663,53.4777,47.6175
Run33TR_top_right.tif,586,52.2871,47.1541
Run34BL_bottom_left.tif,448,88.3313,73.9120
Run34BL_bottom_right.tif,425,88.7557,74.0832
Run34BL_top_left.tif,460,87.5665,73.2056
Run34BL_top_right.tif,610,87.5926,71.9074
Run34BR_bottom_left.tif,490,89.1905,74.6909
Run34BR_bottom_right.tif,482,90.8292,73.9481
Run34BR_top_left.tif,572,86.9174,73.0296
Run34BR_top_right.tif,424,88.3431,73.5102
Run34TL_bottom_left.tif,492,82.3925,69.9235
Run34TL_bottom_right.tif,489,85.8982,70.6747
Run34TL_top_left.tif,554,74.1035,65.8329
Run34TL_top_right.tif,422,75.1576,65.4394
Run34TR_bottom_left.tif,392,84.1163,71.4001
Run34TR_bottom_right.tif,566,84.5200,71.4639
Run34TR_top_left.tif,395,71.8891,65.3127
Run34TR_top_right.tif,606,69.7871,62.8070
Run35BL_bottom_left.tif,395,42.3749,38.0414
Run35BL_bottom_right.tif,345,42.6777,37.0982
Run35BL_top_left.tif,376,40.7188,37.2013
Run35BL_top_right.tif,303,40.6119,37.8243
Run35BR_bottom_left.tif,332,43.8375,38.2364
Run35BR_bottom_right.tif,332,43.8595,38.7719
Run35BR_top_left.tif,214,44.3885,38.6578
Run35BR_top_right.tif,380,43.0831,37.4391
Run35TL_bottom_left.tif,447,37.2948,35.3231
Run35TL_bottom_right.tif,318,37.8815,36.0287
Run35TL_top_left.tif,297,31.7165,32.9872
Run35TL_top_right.tif,398,30.8551,32.5248
Run35TR_bottom_left.tif,258,39.7764,36.8443
Run35TR_bottom_right.tif,345,39.8422,36.8139
Run35TR_top_left.tif,519,32.0269,33.4140
Run35TR_top_right.tif,424,33.5130,34.4633
Run36BL_bottom_left.tif,918,51.1269,44.3942
Run36BL_bottom_right.tif,939,49.2805,43.2656
Run36BL_top_left.tif,947,50.0594,44.2368
Run36BL_top_right.tif,972,48.9935,43.5303
Run36BR_bottom_left.tif,1001,46.7510,41.1906
Run36BR_bottom_right.tif,1062,47.0399,40.9706
Run36BR_top_left.tif,958,48.2664,42.8140
Run36BR_top_right.tif,978,47.7701,42.5698
Run36TL_bottom_left.tif,881,54.4998,48.0597
Run36TL_bottom_right.tif,876,54.1080,48.1634
Run36TL_top_left.tif,869,44.6967,43.1946
Run36TL_top_right.tif,919,41.0496,41.6988
Run36TR_bottom_left.tif,1017,49.9883,45.3708
Run36TR_bottom_right.tif,986,47.6744,43.8196
Run36TR_top_left.tif,971,39.4164,39.9335
Run36TR_top_right.tif,1024,37.3640,38.6429
Run37BL_bottom_left.tif,229,114.9773,90.6494
Run37BL_bottom_right.tif,364,120.0788,90.6084
Run37BL_top_left.tif,377,115.1003,88.9511
Run37BL_top_right.tif,294,118.1236,89.5527
Run37BR_bottom_left.tif,229,114.6017,88.3375
Run37BR_bottom_right.tif,195,115.0942,89.3859
Run37BR_top_left.tif,290,113.3996,88.4382
Run37BR_top_right.tif,254,117.0135,89.8646
Run37TL_bottom_left.tif,292,112.3941,87.1907
Run37TL_bottom_right.tif,275,112.5282,87.4295
Run37TL_top_left.tif,267,104.2435,84.4311
Run37TL_top_right.tif,212,105.3802,86.2759
Run37TR_bottom_left.tif,259,111.4261,86.7014
Run37TR_bottom_right.tif,256,111.6856,87.3436
Run37TR_top_left.tif,260,108.1084,85.6356
Run37TR_top_right.tif,252,104.7293,84.3356
Run38BL_bottom_left.tif,974,58.8943,49.5312
Run38BL_bottom_right.tif,843,58.1591,49.4830
Run38BL_top_left.tif,865,55.4572,47.7641
Run38BL_top_right.tif,746,55.5187,47.5388
Run38BR_bottom_left.tif,711,59.2637,50.3547
Run38BR_bottom_right.tif,749,58.7527,49.8899
Run38BR_top_left.tif,712,55.2230,47.9797
Run38BR_top_right.tif,796,53.8050,46.5552
Run38TL_bottom_left.tif,949,52.3129,46.2143
Run38TL_bottom_right.tif,589,55.7541,49.5039
Run38TL_top_left.tif,1112,40.5141,39.0915
Run38TL_top_right.tif,875,46.4163,43.2205
Run38TR_bottom_left.tif,666,55.2973,48.0287
Run38TR_bottom_right.tif,860,51.3391,43.8626
Run38TR_top_left.tif,924,45.7734,42.4449
Run38TR_top_right.tif,973,41.9297,39.0434
Run39BL_bottom_left.tif,732,35.2837,31.9427
Run39BL_bottom_right.tif,635,34.8800,31.4904
Run39BL_top_left.tif,752,33.1051,30.8853
Run39BL_top_right.tif,639,33.6826,31.3244
Run39BR_bottom_left.tif,863,33.3641,29.9750
Run39BR_bottom_right.tif,908,32.3365,29.5621
Run39BR_top_left.tif,857,31.2108,28.8642
Run39BR_top_right.tif,800,31.9116,29.4103
Run39TL_bottom_left.tif,916,28.9964,28.1841
Run39TL_bottom_right.tif,850,30.3669,29.3288
Run39TL_top_left.tif,688,26.0497,27.4431
Run39TL_top_right.tif,772,25.1877,27.0236
Run39TR_bottom_left.tif,777,30.1430,29.7188
Run39TR_bottom_right.tif,861,29.2126,28.6106
Run39TR_top_left.tif,720,24.9875,26.7767
Run39TR_top_right.tif,649,26.3646,27.7459
Run3BL_bottom_left.tif,453,85.2855,65.8832
Run3BL_bottom_right.tif,473,85.2358,64.6642
Run3BL_top_left.tif,486,78.5040,61.5921
Run3BL_top_right.tif,484,78.6340,60.9206
Run3BR_bottom_left.tif,435,83.0813,64.2410
Run3BR_bottom_right.tif,488,80.9468,63.2765
Run3BR_top_left.tif,478,77.0749,60.6990
Run3BR_top_right.tif,433,76.8851,60.2285
Run3TL_bottom_left.tif,525,71.9615,57.5445
Run3TL_bottom_right.tif,539,73.0360,57.1804
Run3TL_top_left.tif,475,62.5884,53.2520
Run3TL_top_right.tif,506,64.4700,53.6984
Run3TR_bottom_left.tif,493,70.3379,56.0330
Run3TR_bottom_right.tif,502,69.8594,56.2560
Run3TR_top_left.tif,506,64.6869,52.5308
Run3TR_top_right.tif,431,63.0188,52.8563
Run40BL_bottom_left.tif,703,85.3137,68.3058
Run40BL_bottom_right.tif,557,86.3237,68.8535
Run40BL_top_left.tif,555,83.7385,66.8765
Run40BL_top_right.tif,542,89.1273,69.3555
Run40BR_bottom_left.tif,630,85.2787,68.4357
Run40BR_bottom_right.tif,797,85.7767,67.2597
Run40BR_top_left.tif,532,82.6968,68.6187
Run40BR_top_right.tif,666,87.1285,71.8130
Run40TL_bottom_left.tif,639,86.7587,69.1376
Run40TL_bottom_right.tif,384,85.8784,67.4073
Run40TL_top_left.tif,804,72.1822,63.7363
Run40TL_top_right.tif,633,67.6302,61.1146
Run40TR_bottom_left.tif,569,80.8443,69.2705
Run40TR_bottom_right.tif,778,87.6285,69.2525
Run40TR_top_left.tif,742,67.5688,60.4893
Run40TR_top_right.tif,612,71.3036,62.6474
Run41BL_bottom_left.tif,886,86.6239,71.0392
Run41BL_bottom_right.tif,874,87.3730,70.5815
Run41BL_top_left.tif,1038,80.3344,65.8805
Run41BL_top_right.tif,932,80.9278,66.5355
Run41BR_bottom_left.tif,896,87.6354,71.3088
Run41BR_bottom_right.tif,835,90.1032,72.3525
Run41BR_top_left.tif,908,80.7337,66.5672
Run41BR_top_right.tif,885,84.9931,69.3425
Run41TL_bottom_left.tif,1019,73.7879,62.7621
Run41TL_bottom_right.tif,995,74.9105,64.0916
Run41TL_top_left.tif,894,65.1809,59.5828
Run41TL_top_right.tif,828,66.8360,60.3139
Run41TR_bottom_left.tif,863,75.2041,65.3059
Run41TR_bottom_right.tif,887,77.7303,66.0214
Run41TR_top_left.tif,817,66.9578,62.0820
Run41TR_top_right.tif,927,64.6620,59.4951
Run42BL_bottom_left.tif,1072,36.4125,33.1437
Run42BL_bottom_right.tif,800,36.8430,33.2086
Run42BL_top_left.tif,865,36.1524,33.1687
Run42BL_top_right.tif,809,34.4390,32.2036
Run42BR_bottom_left.tif,699,36.6268,33.8276
Run42BR_bottom_right.tif,603,36.3404,33.0396
Run42BR_top_left.tif,817,36.8812,33.4743
Run42BR_top_right.tif,1013,35.6977,33.4581
Run42TL_bottom_left.tif,731,34.5939,32.4721
Run42TL_bottom_right.tif,944,33.1199,31.3685
Run42TL_top_left.tif,758,31.4561,30.6336
Run42TL_top_right.tif,825,31.5715,31.2023
Run42TR_bottom_left.tif,931,33.4437,31.4829
Run42TR_bottom_right.tif,964,32.2018,30.7828
Run42TR_top_left.tif,834,31.4010,30.5275
Run42TR_top_right.tif,914,31.8489,30.1488
Run43BL_bottom_left.tif,884,69.6701,58.4429
Run43BL_bottom_right.tif,834,73.9593,61.3173
Run43BL_top_left.tif,933,68.6162,58.9166
Run43BL_top_right.tif,985,67.9737,57.1729
Run43BR_bottom_left.tif,825,73.6985,62.8521
Run43BR_bottom_right.tif,766,73.2057,61.9359
Run43BR_top_left.tif,813,70.6149,59.7049
Run43BR_top_right.tif,688,73.4743,62.0866
Run43TL_bottom_left.tif,851,61.2167,55.2726
Run43TL_bottom_right.tif,714,64.4454,57.3323
Run43TL_top_left.tif,810,52.9732,50.1884
Run43TL_top_right.tif,744,51.8571,49.8849
Run43TR_bottom_left.tif,477,63.3969,55.0669
Run43TR_bottom_right.tif,427,65.2149,57.8845
Run43TR_top_left.tif,585,53.1796,52.6477
Run43TR_top_right.tif,610,55.9668,54.1339
Run44BL_bottom_left.tif,806,69.6107,58.0062
Run44BL_bottom_right.tif,758,68.3478,57.1587
Run44BL_top_left.tif,628,66.0652,56.8252
Run44BL_top_right.tif,779,69.3417,57.5463
Run44BR_bottom_left.tif,836,69.7171,57.7004
Run44BR_bottom_right.tif,744,69.2927,58.0622
Run44BR_top_left.tif,834,66.7144,55.8072
Run44BR_top_right.tif,806,67.9708,58.1461
Run44TL_bottom_left.tif,590,66.0051,57.5359
Run44TL_bottom_right.tif,611,68.5682,58.5766
Run44TL_top_left.tif,518,62.4080,59.2729
Run44TL_top_right.tif,550,60.6325,57.5466
Run44TR_bottom_left.tif,762,66.0956,57.8208
Run44TR_bottom_right.tif,776,63.9116,55.3813
Run44TR_top_left.tif,728,58.5984,55.4280
Run44TR_top_right.tif,730,56.5510,54.2687
Run45BL_bottom_left.tif,576,106.7110,82.3694
Run45BL_bottom_right.tif,607,105.5510,82.3256
Run45BL_top_left.tif,434,103.0455,81.7658
Run45BL_top_right.tif,536,103.9619,82.3495
Run45BR_bottom_left.tif,716,105.9570,82.4798
Run45BR_bottom_right.tif,641,105.6890,81.9359
Run45BR_top_left.tif,581,102.3222,81.3532
Run45BR_top_right.tif,699,102.8376,82.1954
Run45TL_bottom_left.tif,518,102.4805,80.4681
Run45TL_bottom_right.tif,550,102.6129,81.2558
Run45TL_top_left.tif,414,99.9972,78.6111
Run45TL_top_right.tif,488,97.2268,78.9885
Run45TR_bottom_left.tif,611,101.0994,80.1687
Run45TR_bottom_right.tif,634,98.7670,79.9726
Run45TR_top_left.tif,627,97.4148,77.8922
Run45TR_top_right.tif,691,98.7588,78.8019
Run46BL_bottom_left.tif,571,104.9090,84.0110
Run46BL_bottom_right.tif,565,104.8067,84.4585
Run46BL_top_left.tif,561,104.3292,83.8820
Run46BL_top_right.tif,580,103.2586,83.4701
Run46BR_bottom_left.tif,604,104.4836,84.1997
Run46BR_bottom_right.tif,546,102.5788,82.2118
Run46BR_top_left.tif,508,105.2310,83.7272
Run46BR_top_right.tif,467,105.7736,83.4508
Run46TL_bottom_left.tif,623,104.5513,83.3084
Run46TL_bottom_right.tif,568,104.1091,82.9792
Run46TL_top_left.tif,491,99.9254,82.5074
Run46TL_top_right.tif,552,103.2189,81.9859
Run46TR_bottom_left.tif,552,104.5195,83.5452
Run46TR_bottom_right.tif,553,103.6319,83.0497
Run46TR_top_left.tif,493,104.5315,84.3359
Run46TR_top_right.tif,570,104.4827,83.4800
Run47BL_bottom_left.tif,812,76.2751,60.7633
Run47BL_bottom_right.tif,753,75.8300,60.9453
Run47BL_top_left.tif,916,75.2335,59.9796
Run47BL_top_right.tif,809,76.6912,61.3886
Run47BR_bottom_left.tif,751,76.2181,61.7152
Run47BR_bottom_right.tif,832,74.4683,59.6118
Run47BR_top_left.tif,690,76.1916,61.2307
Run47BR_top_right.tif,676,77.4699,61.5071
Run47TL_bottom_left.tif,777,76.4772,60.8037
Run47TL_bottom_right.tif,652,76.7991,61.1502
Run47TL_top_left.tif,781,75.8573,62.0415
Run47TL_top_right.tif,840,76.4574,61.1497
Run47TR_bottom_left.tif,830,74.8127,60.5502
Run47TR_bottom_right.tif,735,75.7130,60.7766
Run47TR_top_left.tif,686,74.7824,60.5705
Run47TR_top_right.tif,788,75.1193,61.0434
Run48BL_bottom_left.tif,577,79.7006,66.5892
Run48BL_bottom_right.tif,510,79.3713,66.3245
Run48BL_top_left.tif,536,78.7363,65.0587
Run48BL_top_right.tif,498,78.7960,67.2106
Run48BR_bottom_left.tif,614,79.0679,66.0193
Run48BR_bottom_right.tif,422,79.5396,66.3306
Run48BR_top_left.tif,439,79.6416,65.7500
Run48BR_top_right.tif,492,76.5937,63.7027
Run48TL_bottom_left.tif,497,79.1693,65.2867
Run48TL_bottom_right.tif,531,77.7088,65.5420
Run48TL_top_left.tif,427,76.6547,63.4680
Run48TL_top_right.tif,559,77.2296,64.8728
Run48TR_bottom_left.tif,523,76.4056,63.3290
Run48TR_bottom_right.tif,605,75.4911,63.1806
Run48TR_top_left.tif,573,79.2427,65.5307
Run48TR_top_right.tif,531,76.5771,64.7957
Run49BL_bottom_left.tif,811,93.9168,75.4556
Run49BL_bottom_right.tif,820,92.7768,75.2179
Run49BL_top_left.tif,810,93.6478,74.4984
Run49BL_top_right.tif,768,94.4760,75.2473
Run49BR_bottom_left.tif,733,96.1966,76.4810
Run49BR_bottom_right.tif,768,97.8059,76.9121
Run49BR_top_left.tif,671,99.2501,78.5146
Run49BR_top_right.tif,722,95.8049,75.3978
Run49TL_bottom_left.tif,915,89.4800,72.3398
Run49TL_bottom_right.tif,740,95.3545,75.7867
Run49TL_top_left.tif,766,92.6524,73.9386
Run49TL_top_right.tif,743,92.0845,74.0536
Run49TR_bottom_left.tif,674,95.3579,76.6624
Run49TR_bottom_right.tif,796,87.5473,71.9304
Run49TR_top_left.tif,762,89.2612,72.0770
Run49TR_top_right.tif,872,86.9830,71.2965
Run4BL_bottom_left.tif,602,63.8608,54.3253
Run4BL_bottom_right.tif,752,64.4871,53.1511
Run4BL_top_left.tif,717,62.4954,53.0795
Run4BL_top_right.tif,815,59.3533,50.3890
Run4BR_bottom_left.tif,762,63.5438,53.0365
Run4BR_bottom_right.tif,715,66.0711,55.2999
Run4BR_top_left.tif,785,59.9586,50.4915
Run4BR_top_right.tif,854,62.4179,53.3770
Run4TL_bottom_left.tif,773,57.5506,51.0445
Run4TL_bottom_right.tif,739,58.6224,52.0842
Run4TL_top_left.tif,743,47.8473,46.1737
Run4TL_top_right.tif,845,47.3416,45.8569
Run4TR_bottom_left.tif,707,54.3586,48.5954
Run4TR_bottom_right.tif,784,56.7396,49.4125
Run4TR_top_left.tif,697,47.3048,46.1708
Run4TR_top_right.tif,634,47.9519,46.8199
Run50BL_bottom_left.tif,592,88.2772,68.8882
Run50BL_bottom_right.tif,540,87.2711,67.5571
Run50BL_top_left.tif,627,89.2479,68.4849
Run50BL_top_right.tif,572,89.7728,69.1050
Run50BR_bottom_left.tif,601,89.0523,69.0223
Run50BR_bottom_right.tif,586,87.1236,68.1178
Run50BR_top_left.tif,582,86.6471,67.6055
Run50BR_top_right.tif,576,87.9005,67.9388
Run50TL_bottom_left.tif,661,94.9421,72.1507
Run50TL_bottom_right.tif,466,97.5115,71.7872
Run50TL_top_left.tif,661,78.1861,63.2646
Run50TL_top_right.tif,714,77.8140,63.6384
Run50TR_bottom_left.tif,617,94.8235,71.7271
Run50TR_bottom_right.tif,567,92.7637,71.5512
Run50TR_top_left.tif,577,79.8771,64.3809
Run50TR_top_right.tif,663,79.1997,63.7561
Run51BL_bottom_left.tif,475,86.8838,65.0040
Run51BL_bottom_right.tif,416,89.4191,67.0812
Run51BL_top_left.tif,522,81.4722,61.6057
Run51BL_top_right.tif,426,84.3336,63.6967
Run51BR_bottom_left.tif,386,93.1781,68.9727
Run51BR_bottom_right.tif,457,89.5853,66.0921
Run51BR_top_left.tif,489,79.4001,61.8073
Run51BR_top_right.tif,471,85.7821,64.5410
Run51TL_bottom_left.tif,413,80.0496,61.9857
Run51TL_bottom_right.tif,444,82.7894,62.9966
Run51TL_top_left.tif,459,70.8079,56.8121
Run51TL_top_right.tif,460,65.8628,53.7890
Run51TR_bottom_left.tif,433,79.6330,63.1063
Run51TR_bottom_right.tif,507,80.9239,62.9399
Run51TR_top_left.tif,424,71.9174,58.4248
Run51TR_top_right.tif,484,69.9568,56.3763
Run52BL_bottom_left.tif,844,66.3504,53.7541
Run52BL_bottom_right.tif,746,66.8861,54.1811
Run52BL_top_left.tif,707,68.4567,54.3603
Run52BL_top_right.tif,810,61.2408,49.7785
Run52BR_bottom_left.tif,765,67.7117,54.4064
Run52BR_bottom_right.tif,798,65.2204,52.7938
Run52BR_top_left.tif,668,64.0278,51.9080
Run52BR_top_right.tif,837,57.0290,46.5277
Run52TL_bottom_left.tif,707,67.3721,53.4934
Run52TL_bottom_right.tif,680,65.8773,53.2181
Run52TL_top_left.tif,820,63.0161,50.2683
Run52TL_top_right.tif,765,62.6495,51.7257
Run52TR_bottom_left.tif,777,62.6984,51.5882
Run52TR_bottom_right.tif,754,61.0261,49.6289
Run52TR_top_left.tif,801,58.4197,47.4166
Run52TR_top_right.tif,499,71.4142,58.3894
Run53BL_bottom_left.tif,627,61.0015,47.9417
Run53BL_bottom_right.tif,585,60.7435,47.7391
Run53BL_top_left.tif,635,60.4417,47.2497
Run53BL_top_right.tif,675,58.4072,46.7360
Run53BR_bottom_left.tif,607,63.0872,49.0698
Run53BR_bottom_right.tif,489,65.9970,51.7694
Run53BR_top_left.tif,466,65.6643,51.6405
Run53BR_top_right.tif,392,66.6780,53.3949
Run53TL_bottom_left.tif,485,63.7906,50.0177
Run53TL_bottom_right.tif,592,58.2004,45.7982
Run53TL_top_left.tif,492,65.4597,51.3978
Run53TL_top_right.tif,640,56.4759,45.0732
Run53TR_bottom_left.tif,593,59.0641,46.7923
Run53TR_bottom_right.tif,556,61.6375,49.2625
Run53TR_top_left.tif,548,58.0909,46.5867
Run53TR_top_right.tif,532,58.2322,47.5235
Run54BL_bottom_left.tif,913,110.3718,83.5939
Run54BL_bottom_right.tif,804,109.7667,82.0876
Run54BL_top_left.tif,990,112.0438,85.2022
Run54BL_top_right.tif,968,110.2537,83.3403
Run54BR_bottom_left.tif,597,111.5654,82.7935
Run54BR_bottom_right.tif,585,112.9380,82.8042
Run54BR_top_left.tif,711,110.9396,82.7577
Run54BR_top_right.tif,581,109.6234,83.4481
Run54TL_bottom_left.tif,1017,109.8645,84.1605
Run54TL_bottom_right.tif,829,109.6798,81.9163
Run54TL_top_left.tif,948,106.0316,80.8551
Run54TL_top_right.tif,859,105.7140,80.4651
Run54TR_bottom_left.tif,873,110.1776,83.0236
Run54TR_bottom_right.tif,742,111.3347,82.8972
Run54TR_top_left.tif,881,105.2868,80.8864
Run54TR_top_right.tif,914,106.6697,81.3107
Run55BL_bottom_left.tif,655,117.9643,87.8636
Run55BL_bottom_right.tif,686,118.7565,87.6248
Run55BL_top_left.tif,839,118.5650,88.5085
Run55BL_top_right.tif,812,118.5279,87.8935
Run55BR_bottom_left.tif,835,118.9960,88.6841
Run55BR_bottom_right.tif,845,124.0826,90.8387
Run55BR_top_left.tif,665,118.1376,87.7236
Run55BR_top_right.tif,813,119.4416,89.7801
Run55TL_bottom_left.tif,815,115.9685,87.0753
Run55TL_bottom_right.tif,796,116.6380,87.0473
Run55TL_top_left.tif,879,111.3168,85.0989
Run55TL_top_right.tif,806,114.2686,86.3123
Run55TR_bottom_left.tif,882,115.5609,87.3619
Run55TR_bottom_right.tif,832,117.6407,89.6594
Run55TR_top_left.tif,822,113.8696,86.5717
Run55TR_top_right.tif,862,115.8057,87.3644
Run56BL_bottom_left.tif,655,94.8053,74.6485
Run56BL_bottom_right.tif,550,97.6429,75.3707
Run56BL_top_left.tif,543,94.1533,72.7212
Run56BL_top_right.tif,534,93.7517,72.6197
Run56BR_bottom_left.tif,619,96.6598,74.8639
Run56BR_bottom_right.tif,526,96.0633,75.3925
Run56BR_top_left.tif,472,95.0186,72.0166
Run56BR_top_right.tif,538,94.9865,73.7547
Run56TL_bottom_left.tif,560,96.4385,74.2667
Run56TL_bottom_right.tif,527,96.8633,74.5651
Run56TL_top_left.tif,558,99.9101,77.3425
Run56TL_top_right.tif,473,99.6230,74.6608
Run56TR_bottom_left.tif,478,97.7465,74.1080
Run56TR_bottom_right.tif,639,94.0065,73.4129
Run56TR_top_left.tif,676,97.9200,76.3049
Run56TR_top_right.tif,533,99.3328,77.0502
Run57BL_bottom_left.tif,427,106.6296,80.6551
Run57BL_bottom_right.tif,384,105.6533,80.2056
Run57BL_top_left.tif,433,104.0400,79.6332
Run57BL_top_right.tif,479,105.7359,80.8114
Run57BR_bottom_left.tif,509,105.2813,81.1507
Run57BR_bottom_right.tif,434,106.4526,80.6959
Run57BR_top_left.tif,391,103.0423,78.9928
Run57BR_top_right.tif,495,103.2283,79.5962
Run57TL_bottom_left.tif,497,100.8921,78.4873
Run57TL_bottom_right.tif,470,102.0594,78.2960
Run57TL_top_left.tif,500,101.8598,77.6441
Run57TL_top_right.tif,484,101.3191,77.5357
Run57TR_bottom_left.tif,457,101.7925,78.2796
Run57TR_bottom_right.tif,445,103.2423,78.4549
Run57TR_top_left.tif,476,98.9877,77.3429
Run57TR_top_right.tif,492,98.7269,76.7552
Run58BL_bottom_left.tif,356,114.6855,85.1537
Run58BL_bottom_right.tif,388,113.2055,84.2794
Run58BL_top_left.tif,315,116.6025,84.9654
Run58BL_top_right.tif,246,113.7169,85.0132
Run58BR_bottom_left.tif,371,115.4105,85.5630
Run58BR_bottom_right.tif,309,114.5231,85.3197
Run58BR_top_left.tif,294,108.9049,83.2420
Run58BR_top_right.tif,220,109.2043,83.8318
Run58TL_bottom_left.tif,364,114.1574,83.9930
Run58TL_bottom_right.tif,410,111.4237,84.5069
Run58TL_top_left.tif,362,107.8850,80.3527
Run58TL_top_right.tif,490,110.6984,82.5994
Run58TR_bottom_left.tif,292,108.5262,81.3217
Run58TR_bottom_right.tif,301,109.9728,81.9771
Run58TR_top_left.tif,277,109.3191,81.8825
Run58TR_top_right.tif,352,111.0954,81.5671
Run59BL_bottom_left.tif,714,98.0943,76.5650
Run59BL_bottom_right.tif,691,97.7414,74.9654
Run59BL_top_left.tif,676,98.1531,76.4886
Run59BL_top_right.tif,572,95.5848,74.4989
Run59BR_bottom_left.tif,794,93.4330,73.5540
Run59BR_bottom_right.tif,953,93.5424,73.0602
Run59BR_top_left.tif,783,93.3876,73.4385
Run59BR_top_right.tif,975,89.7795,70.3250
Run59TL_bottom_left.tif,596,101.4250,77.8480
Run59TL_bottom_right.tif,703,104.8493,79.8077
Run59TL_top_left.tif,848,87.5958,73.9390
Run59TL_top_right.tif,1050,90.3159,72.1611
Run59TR_bottom_left.tif,783,97.0518,74.7752
Run59TR_bottom_right.tif,934,90.6817,72.4749
Run59TR_top_left.tif,790,84.1685,72.2271
Run59TR_top_right.tif,1093,82.8397,68.6898
Run5BL_bottom_left.tif,707,45.1152,39.6427
Run5BL_bottom_right.tif,621,44.7448,39.2891
Run5BL_top_left.tif,597,42.8669,38.3545
Run5BL_top_right.tif,536,41.0210,36.9323
Run5BR_bottom_left.tif,596,44.1249,37.8727
Run5BR_bottom_right.tif,757,43.9112,37.3024
Run5BR_top_left.tif,601,40.8058,36.1776
Run5BR_top_right.tif,712,41.2040,36.3758
Run5TL_bottom_left.tif,606,39.8760,38.1318
Run5TL_bottom_right.tif,633,41.6674,38.6177
Run5TL_top_left.tif,625,36.0179,36.8677
Run5TL_top_right.tif,617,34.4671,35.8709
Run5TR_bottom_left.tif,619,38.2933,36.3604
Run5TR_bottom_right.tif,718,41.2017,37.1894
Run5TR_top_left.tif,616,33.7064,34.8863
Run5TR_top_right.tif,638,34.5054,35.5951
Run60BL_bottom_left.tif,645,109.2134,83.9236
Run60BL_bottom_right.tif,974,108.4483,83.1607
Run60BL_top_left.tif,720,105.7795,82.2719
Run60BL_top_right.tif,827,106.7353,82.8313
Run60BR_bottom_left.tif,829,106.2059,82.8588
Run60BR_bottom_right.tif,694,106.8355,84.7777
Run60BR_top_left.tif,728,108.7977,83.8245
Run60BR_top_right.tif,584,105.3414,82.9714
Run60TL_bottom_left.tif,779,102.5276,80.2641
Run60TL_bottom_right.tif,798,100.9171,79.3954
Run60TL_top_left.tif,726,94.0517,76.9476
Run60TL_top_right.tif,759,93.1262,74.7590
Run60TR_bottom_left.tif,479,105.0953,81.1473
Run60TR_bottom_right.tif,580,106.1767,81.7551
Run60TR_top_left.tif,505,93.5434,77.0409
Run60TR_top_right.tif,738,96.2349,77.6827
Run61BL_bottom_left.tif,485,88.5794,71.4311
Run61BL_bottom_right.tif,569,88.7816,70.4300
Run61BL_top_left.tif,528,86.5652,69.2724
Run61BL_top_right.tif,595,86.5190,69.4857
Run61BR_bottom_left.tif,619,88.4716,69.5844
Run61BR_bottom_right.tif,547,86.9355,69.9833
Run61BR_top_left.tif,506,88.0964,69.6218
Run61BR_top_right.tif,548,85.6872,67.9115
Run61TL_bottom_left.tif,572,86.2453,69.0604
Run61TL_bottom_right.tif,478,83.4391,66.7646
Run61TL_top_left.tif,650,86.3106,68.4720
Run61TL_top_right.tif,501,87.8741,68.9746
Run61TR_bottom_left.tif,501,84.9980,68.1809
Run61TR_bottom_right.tif,480,84.4109,67.5324
Run61TR_top_left.tif,536,87.4517,69.8345
Run61TR_top_right.tif,559,85.3640,67.4565
Run62BL_bottom_left.tif,854,85.4001,67.9123
Run62BL_bottom_right.tif,1037,83.9150,66.9967
Run62BL_top_left.tif,1072,79.4259,64.3560
Run62BL_top_right.tif,997,79.0224,63.6694
Run62BR_bottom_left.tif,979,81.8096,65.6817
Run62BR_bottom_right.tif,1000,81.2503,65.6986
Run62BR_top_left.tif,1044,77.0365,62.2408
Run62BR_top_right.tif,990,76.1861,61.8048
Run62TL_bottom_left.tif,1022,74.7016,60.7587
Run62TL_bottom_right.tif,909,75.1793,61.8331
Run62TL_top_left.tif,1131,58.7517,52.5200
Run62TL_top_right.tif,1045,64.6150,55.6282
Run62TR_bottom_left.tif,987,75.0574,62.0671
Run62TR_bottom_right.tif,1153,68.5876,57.8084
Run62TR_top_left.tif,863,67.4831,57.1947
Run62TR_top_right.tif,1023,64.2539,55.5745
Run63BL_bottom_left.tif,654,82.0685,64.9654
Run63BL_bottom_right.tif,688,83.5994,65.7785
Run63BL_top_left.tif,802,83.4219,64.3705
Run63BL_top_right.tif,665,82.3562,65.5272
Run63BR_bottom_left.tif,806,82.7058,64.7251
Run63BR_bottom_right.tif,697,82.2134,64.3820
Run63BR_top_left.tif,646,82.4298,63.8976
Run63BR_top_right.tif,641,82.3333,64.3016
Run63TL_bottom_left.tif,642,81.7803,64.8541
Run63TL_bottom_right.tif,460,81.1298,64.1477
Run63TL_top_left.tif,786,78.9482,62.2036
Run63TL_top_right.tif,623,79.9533,63.6877
Run63TR_bottom_left.tif,742,82.7500,65.8600
Run63TR_bottom_right.tif,886,80.0860,63.2522
Run63TR_top_left.tif,606,81.1831,64.0821
Run63TR_top_right.tif,709,78.5730,61.7890
Run64BL_bottom_left.tif,452,131.6800,94.5529
Run64BL_bottom_right.tif,460,126.1118,92.5543
Run64BL_top_left.tif,579,117.1492,87.7779
Run64BL_top_right.tif,359,120.7612,88.7078
Run64BR_bottom_left.tif,718,127.4697,91.4345
Run64BR_bottom_right.tif,650,128.1864,92.2542
Run64BR_top_left.tif,623,120.1612,89.0344
Run64BR_top_right.tif,697,114.8531,86.8541
Run64TL_bottom_left.tif,583,107.8746,82.1726
Run64TL_bottom_right.tif,481,110.5465,82.9843
Run64TL_top_left.tif,594,86.7041,72.1025
Run64TL_top_right.tif,864,89.9367,74.3202
Run64TR_bottom_left.tif,531,107.8262,81.7284
Run64TR_bottom_right.tif,659,106.8718,82.4321
Run64TR_top_left.tif,635,84.4271,71.5940
Run64TR_top_right.tif,722,88.0165,72.1054
Run65BL_bottom_left.tif,872,83.4938,70.1739
Run65BL_bottom_right.tif,984,83.8893,70.5149
Run65BL_top_left.tif,955,85.1390,70.4166
Run65BL_top_right.tif,923,83.2485,70.9609
Run65BR_bottom_left.tif,879,83.4633,69.6289
Run65BR_bottom_right.tif,857,83.9471,71.4741
Run65BR_top_left.tif,897,84.4030,70.9919
Run65BR_top_right.tif,946,86.5436,71.6564
Run65TL_bottom_left.tif,1032,84.7529,69.5172
Run65TL_bottom_right.tif,1021,82.4381,69.5788
Run65TL_top_left.tif,1050,84.9989,69.1607
Run65TL_top_right.tif,1067,85.2861,69.6439
Run65TR_bottom_left.tif,991,81.3545,68.4491
Run65TR_bottom_right.tif,944,86.3326,70.8172
Run65TR_top_left.tif,1094,85.4029,70.8187
Run65TR_top_right.tif,1088,86.1777,69.9522
Run66BL_bottom_left.tif,828,85.2048,71.0172
Run66BL_bottom_right.tif,851,85.3187,71.3733
Run66BL_top_left.tif,632,84.8702,70.8717
Run66BL_top_right.tif,576,82.9253,69.9254
Run66BR_bottom_left.tif,763,85.9389,71.1609
Run66BR_bottom_right.tif,1044,84.0233,70.4166
Run66BR_top_left.tif,798,84.5988,70.9604
Run66BR_top_right.tif,861,82.6134,70.1862
Run66TL_bottom_left.tif,625,81.3456,67.9066
Run66TL_bottom_right.tif,607,81.7485,67.8467
Run66TL_top_left.tif,715,75.0133,61.7460
Run66TL_top_right.tif,766,76.3460,62.7372
Run66TR_bottom_left.tif,834,84.2150,69.8233
Run66TR_bottom_right.tif,865,81.6393,68.1398
Run66TR_top_left.tif,706,74.3826,62.5757
Run66TR_top_right.tif,922,75.4491,62.5531
Run67BL_bottom_left.tif,746,85.3439,69.3745
Run67BL_bottom_right.tif,667,86.1830,69.5903
Run67BL_top_left.tif,753,82.6564,66.9226
Run67BL_top_right.tif,713,82.8898,67.6624
Run67BR_bottom_left.tif,767,86.7389,69.8112
Run67BR_bottom_right.tif,697,87.0655,69.9250
Run67BR_top_left.tif,780,85.4308,69.5920
Run67BR_top_right.tif,777,84.7602,68.8127
Run67TL_bottom_left.tif,749,85.4269,68.9413
Run67TL_bottom_right.tif,811,84.9080,67.8974
Run67TL_top_left.tif,683,83.7256,67.7449
Run67TL_top_right.tif,833,82.9300,67.1827
Run67TR_bottom_left.tif,802,83.1544,68.3950
Run67TR_bottom_right.tif,730,85.8206,69.8148
Run67TR_top_left.tif,624,79.6914,66.0728
Run67TR_top_right.tif,673,83.1038,68.7016
Run68BL_bottom_left.tif,629,89.0151,72.6759
Run68BL_bottom_right.tif,447,88.0810,71.1248
Run68BL_top_left.tif,501,87.3422,70.6159
Run68BL_top_right.tif,614,83.7349,69.3927
Run68BR_bottom_left.tif,408,85.9604,70.2770
Run68BR_bottom_right.tif,646,88.6297,71.9005
Run68BR_top_left.tif,511,85.8012,68.3328
Run68BR_top_right.tif,596,85.4131,70.2388
Run68TL_bottom_left.tif,503,83.1669,67.7634
Run68TL_bottom_right.tif,510,83.7644,68.7152
Run68TL_top_left.tif,519,79.2726,65.8614
Run68TL_top_right.tif,564,82.5691,67.9055
Run68TR_bottom_left.tif,660,83.0526,67.7102
Run68TR_bottom_right.tif,638,83.3658,67.8259
Run68TR_top_left.tif,538,81.2733,67.8631
Run68TR_top_right.tif,711,79.5686,66.6538
Run69BL_bottom_left.tif,472,102.2914,83.9990
Run69BL_bottom_right.tif,408,100.7447,81.5464
Run69BL_top_left.tif,410,104.7756,83.2219
Run69BL_top_right.tif,387,101.5772,80.4427
Run69BR_bottom_left.tif,565,101.1870,81.8867
Run69BR_bottom_right.tif,480,99.4374,81.1036
Run69BR_top_left.tif,554,100.6677,81.6832
Run69BR_top_right.tif,477,98.8227,80.3494
Run69TL_bottom_left.tif,456,101.4048,82.1761
Run69TL_bottom_right.tif,415,102.4413,82.3822
Run69TL_top_left.tif,415,96.6979,79.7293
Run69TL_top_right.tif,419,97.6360,79.3641
Run69TR_bottom_left.tif,436,98.1306,81.2744
Run69TR_bottom_right.tif,528,98.2230,79.9683
Run69TR_top_left.tif,386,92.6165,76.3911
Run69TR_top_right.tif,613,97.2936,78.8463
Run70BL_bottom_left.tif,805,74.5012,61.9987
Run70BL_bottom_right.tif,778,73.0775,60.4954
Run70BL_top_left.tif,924,74.8071,61.1320
Run70BL_top_right.tif,901,74.2389,62.0664
Run70BR_bottom_left.tif,571,74.5553,60.8648
Run70BR_bottom_right.tif,567,74.0101,60.8578
Run70BR_top_left.tif,883,75.4589,61.7921
Run70BR_top_right.tif,823,76.0040,61.6994
Run70TL_bottom_left.tif,934,77.5623,63.2338
Run70TL_bottom_right.tif,907,76.5750,62.0674
Run70TL_top_left.tif,841,75.9969,63.2313
Run70TL_top_right.tif,835,77.2450,61.9783
Run70TR_bottom_left.tif,865,76.0866,62.2933
Run70TR_bottom_right.tif,868,75.8130,62.5058
Run70TR_top_left.tif,927,77.8196,62.9823
Run70TR_top_right.tif,947,77.4849,62.0468
Run71BL_bottom_left.tif,787,73.6661,62.2883
Run71BL_bottom_right.tif,876,76.2991,64.1110
Run71BL_top_left.tif,977,73.5210,61.2578
Run71BL_top_right.tif,817,74.5262,62.6990
Run71BR_bottom_left.tif,902,76.9578,63.7955
Run71BR_bottom_right.tif,847,78.5856,65.6951
Run71BR_top_left.tif,871,76.4147,63.8599
Run71BR_top_right.tif,781,78.2808,64.7542
Run71TL_bottom_left.tif,899,71.9108,60.1265
Run71TL_bottom_right.tif,801,70.8166,59.9138
Run71TL_top_left.tif,887,70.3056,57.4917
Run71TL_top_right.tif,939,71.2705,59.7461
Run71TR_bottom_left.tif,861,75.1016,61.9879
Run71TR_bottom_right.tif,932,77.2153,63.9337
Run71TR_top_left.tif,875,73.7939,62.0113
Run71TR_top_right.tif,859,76.7831,62.3549
Run72BL_bottom_left.tif,651,76.9294,60.1954
Run72BL_bottom_right.tif,768,76.8666,60.7419
Run72BL_top_left.tif,607,78.0160,62.1608
Run72BL_top_right.tif,720,79.1065,62.6564
Run72BR_bottom_left.tif,726,77.3963,60.6411
Run72BR_bottom_right.tif,880,77.2459,60.9976
Run72BR_top_left.tif,712,79.5411,62.4088
Run72BR_top_right.tif,687,80.3067,62.4906
Run72TL_bottom_left.tif,778,79.1219,61.5909
Run72TL_bottom_right.tif,648,77.5646,61.8456
Run72TL_top_left.tif,690,74.2932,57.5979
Run72TL_top_right.tif,617,75.4604,59.6274
Run72TR_bottom_left.tif,685,78.6077,62.5744
Run72TR_bottom_right.tif,901,81.4300,62.4876
Run72TR_top_left.tif,725,75.4077,58.2204
Run72TR_top_right.tif,806,77.7553,59.8214
Run73BL_bottom_left.tif,573,86.9943,73.9344
Run73BL_bottom_right.tif,650,87.3237,74.8417
Run73BL_top_left.tif,595,82.9894,71.0134
Run73BL_top_right.tif,642,81.7370,70.5278
Run73BR_bottom_left.tif,606,85.2782,74.5101
Run73BR_bottom_right.tif,558,87.6032,74.3758
Run73BR_top_left.tif,553,83.0647,70.5035
Run73BR_top_right.tif,635,82.3480,70.8520
Run73TL_bottom_left.tif,597,77.4958,65.9073
Run73TL_bottom_right.tif,602,77.6028,65.9707
Run73TL_top_left.tif,571,66.7315,58.1890
Run73TL_top_right.tif,636,66.9949,58.7771
Run73TR_bottom_left.tif,587,79.7904,67.3212
Run73TR_bottom_right.tif,616,76.5019,65.9931
Run73TR_top_left.tif,614,64.8310,56.5828
Run73TR_top_right.tif,609,64.3022,55.3022
Run74BL_bottom_left.tif,1009,62.6988,52.6255
Run74BL_bottom_right.tif,945,61.1242,52.5312
Run74BL_top_left.tif,980,64.3524,54.8272
Run74BL_top_right.tif,939,64.0941,55.1098
Run74BR_bottom_left.tif,989,62.9232,52.9210
Run74BR_bottom_right.tif,925,61.3291,52.8472
Run74BR_top_left.tif,915,64.3057,55.7123
Run74BR_top_right.tif,908,64.4090,56.1201
Run74TL_bottom_left.tif,957,67.9249,58.7295
Run74TL_bottom_right.tif,805,67.1348,57.9971
Run74TL_top_left.tif,880,67.4700,58.9632
Run74TL_top_right.tif,814,67.6507,58.5859
Run74TR_bottom_left.tif,801,67.1417,58.1863
Run74TR_bottom_right.tif,963,67.7203,58.3672
Run74TR_top_left.tif,841,67.7458,59.4149
Run74TR_top_right.tif,934,70.1340,60.6808
Run75BL_bottom_left.tif,889,102.0793,84.4071
Run75BL_bottom_right.tif,904,106.1034,85.7202
Run75BL_top_left.tif,770,103.5441,84.5005
Run75BL_top_right.tif,704,103.1107,83.9244
Run75BR_bottom_left.tif,884,104.9720,84.8718
Run75BR_bottom_right.tif,727,105.5967,84.9725
Run75BR_top_left.tif,837,101.1803,82.8884
Run75BR_top_right.tif,790,104.0106,84.1296
Run75TL_bottom_left.tif,695,105.2360,84.0883
Run75TL_bottom_right.tif,531,107.7585,86.3549
Run75TL_top_left.tif,690,90.4433,76.5219
Run75TL_top_right.tif,689,89.9887,77.2363
Run75TR_bottom_left.tif,854,105.0633,84.1969
Run75TR_bottom_right.tif,825,104.0679,83.9630
Run75TR_top_left.tif,888,88.6409,76.0111
Run75TR_top_right.tif,874,89.6831,76.6839
Run76BL_bottom_left.tif,608,92.9950,74.6766
Run76BL_bottom_right.tif,482,96.9303,76.9843
Run76BL_top_left.tif,658,92.1683,74.9434
Run76BL_top_right.tif,493,91.6069,74.1834
Run76BR_bottom_left.tif,508,93.8086,76.0487
Run76BR_bottom_right.tif,573,95.4650,75.8049
Run76BR_top_left.tif,605,96.0221,76.4703
Run76BR_top_right.tif,621,90.4565,73.4220
Run76TL_bottom_left.tif,706,90.4342,72.6092
Run76TL_bottom_right.tif,607,91.1966,73.7680
Run76TL_top_left.tif,666,91.7810,72.7972
Run76TL_top_right.tif,645,89.3393,70.5721
Run76TR_bottom_left.tif,597,90.1466,71.0935
Run76TR_bottom_right.tif,633,91.0470,73.2240
Run76TR_top_left.tif,492,86.0552,69.8160
Run76TR_top_right.tif,554,87.2341,70.2180
Run77BL_bottom_left.tif,999,105.0306,83.1038
Run77BL_bottom_right.tif,940,104.9419,84.0456
Run77BL_top_left.tif,1053,101.5436,80.6444
Run77BL_top_right.tif,734,106.4571,83.7682
Run77BR_bottom_left.tif,992,106.6353,82.3670
Run77BR_bottom_right.tif,1025,106.5676,83.1199
Run77BR_top_left.tif,866,104.1362,82.1655
Run77BR_top_right.tif,1036,102.8932,80.8464
Run77TL_bottom_left.tif,992,94.7928,76.2098
Run77TL_bottom_right.tif,865,94.8980,76.2910
Run77TL_top_left.tif,623,76.3418,67.2962
Run77TL_top_right.tif,923,72.5028,62.7787
Run77TR_bottom_left.tif,1007,95.3918,75.4708
Run77TR_bottom_right.tif,1047,96.3674,76.7201
Run77TR_top_left.tif,1006,68.5335,59.0888
Run77TR_top_right.tif,822,72.4834,62.7356
Run78BL_bottom_left.tif,562,87.8816,70.9422
Run78BL_bottom_right.tif,485,86.1164,70.0010
Run78BL_top_left.tif,770,84.5290,69.1214
Run78BL_top_right.tif,747,85.3975,69.7625
Run78BR_bottom_left.tif,271,84.5600,70.3892
Run78BR_bottom_right.tif,532,87.0530,70.0110
Run78BR_top_left.tif,560,85.3236,69.8086
Run78BR_top_right.tif,883,85.3261,69.4093
Run78TL_bottom_left.tif,871,87.2227,70.2532
Run78TL_bottom_right.tif,762,87.2232,70.4708
Run78TL_top_left.tif,711,85.7308,69.1124
Run78TL_top_right.tif,971,90.1995,69.1348
Run78TR_bottom_left.tif,582,84.3383,68.9010
Run78TR_bottom_right.tif,907,87.3944,70.3250
Run78TR_top_left.tif,907,87.6531,69.9549
Run78TR_top_right.tif,953,86.3198,69.6426
Run79BL_bottom_left.tif,601,94.4538,76.4227
Run79BL_bottom_right.tif,580,95.1339,76.4108
Run79BL_top_left.tif,514,95.4430,78.2507
Run79BL_top_right.tif,487,97.9761,77.8480
Run79BR_bottom_left.tif,602,95.7152,76.4073
Run79BR_bottom_right.tif,434,98.2931,79.8917
Run79BR_top_left.tif,599,96.4791,77.6659
Run79BR_top_right.tif,745,93.3489,76.8957
Run79TL_bottom_left.tif,616,89.1575,72.9050
Run79TL_bottom_right.tif,522,88.6166,73.2341
Run79TL_top_left.tif,749,66.7395,59.2303
Run79TL_top_right.tif,758,65.2566,57.0795
Run79TR_bottom_left.tif,606,90.8707,74.1286
Run79TR_bottom_right.tif,714,89.9026,73.0842
Run79TR_top_left.tif,749,65.2784,57.4813
Run79TR_top_right.tif,730,63.6819,57.0511
Run7BL_bottom_left.tif,321,68.0116,53.4335
Run7BL_bottom_right.tif,351,67.5842,52.9227
Run7BL_top_left.tif,321,66.1682,51.9688
Run7BL_top_right.tif,380,65.9169,52.3012
Run7BR_bottom_left.tif,410,66.8528,53.9080
Run7BR_bottom_right.tif,404,67.4334,53.1689
Run7BR_top_left.tif,316,63.7642,51.5855
Run7BR_top_right.tif,345,66.9079,54.2013
Run7TL_bottom_left.tif,407,63.3804,52.5764
Run7TL_bottom_right.tif,366,62.2589,51.3051
Run7TL_top_left.tif,387,53.5608,48.7126
Run7TL_top_right.tif,380,58.5712,51.6878
Run7TR_bottom_left.tif,302,63.0824,51.6414
Run7TR_bottom_right.tif,294,62.8479,51.4819
Run7TR_top_left.tif,456,57.0975,51.4076
Run7TR_top_right.tif,292,56.4941,49.5086
Run80BL_bottom_left.tif,838,63.9013,55.5953
Run80BL_bottom_right.tif,899,61.5902,53.9173
Run80BL_top_left.tif,538,62.5477,54.6203
Run80BL_top_right.tif,457,57.9629,52.9649
Run80BR_bottom_left.tif,911,60.2944,52.5411
Run80BR_bottom_right.tif,913,58.3072,51.7210
Run80BR_top_left.tif,788,59.5758,52.2328
Run80BR_top_right.tif,926,59.8112,52.1461
Run80TL_bottom_left.tif,523,63.3330,56.0949
Run80TL_bottom_right.tif,363,59.3836,54.3685
Run80TL_top_left.tif,497,62.1449,55.7249
Run80TL_top_right.tif,513,61.1826,55.4813
Run80TR_bottom_left.tif,565,60.0311,54.6053
Run80TR_bottom_right.tif,762,58.3397,52.4096
Run80TR_top_left.tif,677,61.2011,55.1393
Run80TR_top_right.tif,821,59.2483,52.2241
Run81BL_bottom_left.tif,820,83.3940,70.9216
Run81BL_bottom_right.tif,732,83.5917,71.0872
Run81BL_top_left.tif,761,81.4068,68.8603
Run81BL_top_right.tif,756,83.6001,70.3524
Run81BR_bottom_left.tif,821,84.1337,70.2792
Run81BR_bottom_right.tif,771,83.4384,70.9409
Run81BR_top_left.tif,779,85.8685,71.3158
Run81BR_top_right.tif,841,83.6526,71.1016
Run81TL_bottom_left.tif,591,81.8231,69.2106
Run81TL_bottom_right.tif,499,83.6375,70.9687
Run81TL_top_left.tif,656,82.6865,69.8509
Run81TL_top_right.tif,535,82.0803,68.7498
Run81TR_bottom_left.tif,595,80.7393,69.7617
Run81TR_bottom_right.tif,653,83.2896,70.8745
Run81TR_top_left.tif,661,81.8139,69.5983
Run81TR_top_right.tif,722,82.9362,71.7305
Run82BL_bottom_left.tif,1176,81.9729,66.2915
Run82BL_bottom_right.tif,1226,79.0515,65.0230
Run82BL_top_left.tif,952,81.6189,66.1826
Run82BL_top_right.tif,881,82.7460,67.1946
Run82BR_bottom_left.tif,1127,79.3232,65.1407
Run82BR_bottom_right.tif,1296,82.3665,66.3800
Run82BR_top_left.tif,1247,85.2763,68.6653
Run82BR_top_right.tif,1205,84.2844,68.7101
Run82TL_bottom_left.tif,1108,91.3478,72.9520
Run82TL_bottom_right.tif,802,88.5012,71.3211
Run82TL_top_left.tif,1186,81.2128,68.2192
Run82TL_top_right.tif,833,76.7704,65.6159
Run82TR_bottom_left.tif,1081,90.2567,72.2895
Run82TR_bottom_right.tif,1350,91.3691,72.5722
Run82TR_top_left.tif,1188,79.6827,66.7788
Run82TR_top_right.tif,1252,80.3372,67.4170
Run83BL_bottom_left.tif,1119,81.0237,63.1305
Run83BL_bottom_right.tif,1102,81.4280,63.6441
Run83BL_top_left.tif,1077,81.3480,62.5809
Run83BL_top_right.tif,845,78.7438,61.0227
Run83BR_bottom_left.tif,1223,80.9731,63.2748
Run83BR_bottom_right.tif,1133,84.0161,65.3558
Run83BR_top_left.tif,821,80.4580,61.8394
Run83BR_top_right.tif,734,78.0003,61.6109
Run83TL_bottom_left.tif,1171,82.6035,62.5620
Run83TL_bottom_right.tif,786,80.8707,63.0204
Run83TL_top_left.tif,1185,82.7765,64.1528
Run83TL_top_right.tif,990,81.6350,62.6350
Run83TR_bottom_left.tif,662,83.0950,64.1134
Run83TR_bottom_right.tif,793,80.9161,63.8411
Run83TR_top_left.tif,1054,81.9602,63.6539
Run83TR_top_right.tif,972,81.7850,63.2737
Run84BL_bottom_left.tif,1219,84.4103,69.9433
Run84BL_bottom_right.tif,1229,84.1080,69.5424
Run84BL_top_left.tif,1303,88.3563,72.6541
Run84BL_top_right.tif,1181,87.4065,73.4766
Run84BR_bottom_left.tif,1186,86.2950,70.9954
Run84BR_bottom_right.tif,1243,83.8848,69.4130
Run84BR_top_left.tif,1214,87.8278,73.1571
Run84BR_top_right.tif,1230,88.5349,73.6957
Run84TL_bottom_left.tif,1296,93.3305,76.8139
Run84TL_bottom_right.tif,1105,91.4861,77.6109
Run84TL_top_left.tif,1278,82.0201,71.5043
Run84TL_top_right.tif,1155,80.4916,72.0003
Run84TR_bottom_left.tif,1253,93.4192,77.2607
Run84TR_bottom_right.tif,1236,95.2905,77.9370
Run84TR_top_left.tif,1136,81.5611,69.8452
Run84TR_top_right.tif,1170,83.7272,71.6323
Run85BL_bottom_left.tif,972,26.0835,21.9370
Run85BL_bottom_right.tif,927,26.7142,22.1607
Run85BL_top_left.tif,1013,25.9761,22.2305
Run85BL_top_right.tif,1050,25.9457,21.8880
Run85BR_bottom_left.tif,956,26.8178,22.3354
Run85BR_bottom_right.tif,1024,26.7367,22.1648
Run85BR_top_left.tif,960,25.9739,22.0837
Run85BR_top_right.tif,1032,25.4394,21.9159
Run85TL_bottom_left.tif,931,26.6459,23.1535
Run85TL_bottom_right.tif,836,25.9063,22.5130
Run85TL_top_left.tif,904,26.3498,23.4291
Run85TL_top_right.tif,890,26.1852,23.5163
Run85TR_bottom_left.tif,959,25.2663,22.1189
Run85TR_bottom_right.tif,1028,24.7768,21.3008
Run85TR_top_left.tif,877,24.7057,22.1445
Run85TR_top_right.tif,1048,24.0427,21.3286
Run86BL_bottom_left.tif,760,108.8496,86.6917
Run86BL_bottom_right.tif,705,103.9238,84.9022
Run86BL_top_left.tif,702,105.5841,86.2173
Run86BL_top_right.tif,573,104.9380,85.6327
Run86BR_bottom_left.tif,704,105.9731,85.2675
Run86BR_bottom_right.tif,568,105.1017,86.3608
Run86BR_top_left.tif,513,101.4850,84.6258
Run86BR_top_right.tif,554,106.5660,87.1319
Run86TL_bottom_left.tif,725,103.1105,84.7256
Run86TL_bottom_right.tif,667,106.9644,85.9658
Run86TL_top_left.tif,711,107.8942,87.7044
Run86TL_top_right.tif,720,108.0929,87.7633
Run86TR_bottom_left.tif,572,101.3887,84.7054
Run86TR_bottom_right.tif,577,106.3977,86.0499
Run86TR_top_left.tif,700,106.9046,85.4575
Run86TR_top_right.tif,680,106.4430,85.9667
Run87BL_bottom_left.tif,774,99.2206,84.8656
Run87BL_bottom_right.tif,768,100.7905,85.2227
Run87BL_top_left.tif,740,101.0761,85.5219
Run87BL_top_right.tif,739,98.0007,84.3832
Run87BR_bottom_left.tif,935,102.8424,85.2410
Run87BR_bottom_right.tif,773,99.6644,83.6636
Run87BR_top_left.tif,716,103.6054,86.2373
Run87BR_top_right.tif,800,99.7260,84.2737
Run87TL_bottom_left.tif,865,106.0782,88.8749
Run87TL_bottom_right.tif,878,109.0420,88.7251
Run87TL_top_left.tif,959,92.2250,80.6886
Run87TL_top_right.tif,883,93.0810,81.9762
Run87TR_bottom_left.tif,738,105.2331,89.1601
Run87TR_bottom_right.tif,712,107.0532,88.6565
Run87TR_top_left.tif,751,87.7206,79.3263
Run87TR_top_right.tif,667,91.1851,80.1433
Run88BL_bottom_left.tif,1000,80.3960,65.8111
Run88BL_bottom_right.tif,967,79.1325,64.3546
Run88BL_top_left.tif,1042,79.6088,65.0832
Run88BL_top_right.tif,963,80.3738,65.5286
Run88BR_bottom_left.tif,1049,79.1662,65.8507
Run88BR_bottom_right.tif,969,79.1247,64.6753
Run88BR_top_left.tif,1035,78.2452,64.0686
Run88BR_top_right.tif,882,77.7306,63.7716
Run88TL_bottom_left.tif,1011,78.2468,63.4407
Run88TL_bottom_right.tif,886,76.8031,63.1440
Run88TL_top_left.tif,1078,80.0125,64.0986
Run88TL_top_right.tif,960,76.6027,62.2712
Run88TR_bottom_left.tif,983,77.8488,63.9044
Run88TR_bottom_right.tif,985,78.5466,63.8031
Run88TR_top_left.tif,1037,79.1564,63.9300
Run88TR_top_right.tif,1019,77.2890,62.9157
Run89BL_bottom_left.tif,759,62.7483,53.0738
Run89BL_bottom_right.tif,735,62.1633,52.9596
Run89BL_top_left.tif,834,59.9939,51.5703
Run89BL_top_right.tif,780,60.7254,52.5227
Run89BR_bottom_left.tif,774,59.7947,51.6414
Run89BR_bottom_right.tif,837,60.7936,52.3810
Run89BR_top_left.tif,700,60.1317,52.5602
Run89BR_top_right.tif,710,60.2910,51.3713
Run89TL_bottom_left.tif,813,58.1904,51.7785
Run89TL_bottom_right.tif,799,58.2017,51.7314
Run89TL_top_left.tif,723,53.3890,50.5770
Run89TL_top_right.tif,679,53.7408,51.0373
Run89TR_bottom_left.tif,872,57.6170,51.1719
Run89TR_bottom_right.tif,713,56.5712,50.5165
Run89TR_top_left.tif,825,50.9810,48.4496
Run89TR_top_right.tif,689,54.8875,52.0988
Run8BL_bottom_left.tif,268,102.1098,77.3903
Run8BL_bottom_right.tif,214,104.1272,78.5981
Run8BL_top_left.tif,273,101.9297,77.4239
Run8BL_top_right.tif,298,97.8637,75.2089
Run8BR_bottom_left.tif,248,105.0017,78.9631
Run8BR_bottom_right.tif,243,102.2332,76.3521
Run8BR_top_left.tif,336,99.1088,74.2398
Run8BR_top_right.tif,244,97.1761,73.8643
Run8TL_bottom_left.tif,286,97.7243,75.2701
Run8TL_bottom_right.tif,216,98.3497,76.0748
Run8TL_top_left.tif,233,93.0863,74.0415
Run8TL_top_right.tif,292,93.1423,73.8470
Run8TR_bottom_left.tif,238,100.2142,75.4629
Run8TR_bottom_right.tif,279,98.0170,75.0814
Run8TR_top_left.tif,231,90.0420,72.7449
Run8TR_top_right.tif,299,88.4287,71.0400
Run90BL_bottom_left.tif,1184,67.2968,54.9349
Run90BL_bottom_right.tif,864,66.4614,54.8989
Run90BL_top_left.tif,1146,66.6913,54.3341
Run90BL_top_right.tif,689,66.6967,54.8959
Run90BR_bottom_left.tif,1066,67.0265,55.4384
Run90BR_bottom_right.tif,1169,66.8935,54.8503
Run90BR_top_left.tif,624,66.2948,54.9479
Run90BR_top_right.tif,1072,66.2921,54.5455
Run90TL_bottom_left.tif,1243,66.8903,53.9535
Run90TL_bottom_right.tif,920,64.3416,52.6600
Run90TL_top_left.tif,1154,62.9542,51.3140
Run90TL_top_right.tif,1171,62.4013,51.1983
Run90TR_bottom_left.tif,779,65.0214,53.3705
Run90TR_bottom_right.tif,891,63.8257,53.1640
Run90TR_top_left.tif,1170,61.6024,50.5422
Run90TR_top_right.tif,1091,62.6513,51.1394
Run91BL_bottom_left.tif,1069,64.9905,53.7213
Run91BL_bottom_right.tif,1068,62.6126,52.9704
Run91BL_top_left.tif,1121,65.3421,53.7862
Run91BL_top_right.tif,1106,64.1240,54.3439
Run91BR_bottom_left.tif,1104,63.4450,53.4057
Run91BR_bottom_right.tif,1135,63.0789,52.9647
Run91BR_top_left.tif,1115,64.5619,55.6608
Run91BR_top_right.tif,1127,63.2608,54.7222
Run91TL_bottom_left.tif,1179,67.3298,57.8115
Run91TL_bottom_right.tif,900,65.3424,58.2566
Run91TL_top_left.tif,1095,54.1733,51.9274
Run91TL_top_right.tif,1006,52.6432,52.1040
Run91TR_bottom_left.tif,864,65.5464,58.4603
Run91TR_bottom_right.tif,1100,66.7972,57.6344
Run91TR_top_left.tif,1023,54.1731,52.8972
Run91TR_top_right.tif,903,54.6364,54.0025
Run92BL_bottom_left.tif,1264,65.8442,54.6962
Run92BL_bottom_right.tif,1380,66.3409,54.5305
Run92BL_top_left.tif,1296,64.2741,53.3878
Run92BL_top_right.tif,1320,64.5788,53.5635
Run92BR_bottom_left.tif,1408,65.7351,53.9183
Run92BR_bottom_right.tif,1297,66.7970,54.8218
Run92BR_top_left.tif,1193,63.9916,53.5142
Run92BR_top_right.tif,1282,66.5791,55.0379
Run92TL_bottom_left.tif,1204,65.3768,54.3274
Run92TL_bottom_right.tif,962,63.9552,54.4110
Run92TL_top_left.tif,881,65.3030,55.0311
Run92TL_top_right.tif,789,66.4534,56.0570
Run92TR_bottom_left.tif,930,64.5668,54.5353
Run92TR_bottom_right.tif,1066,64.9962,55.3803
Run92TR_top_left.tif,845,65.2206,56.5092
Run92TR_top_right.tif,875,65.8025,55.8248
Run93BL_bottom_left.tif,945,69.3371,59.0309
Run93BL_bottom_right.tif,1070,70.6885,59.0243
Run93BL_top_left.tif,1034,71.2504,59.1232
Run93BL_top_right.tif,1061,73.1657,60.6826
Run93BR_bottom_left.tif,1054,72.4444,60.0754
Run93BR_bottom_right.tif,1020,71.2967,59.4346
Run93BR_top_left.tif,1004,71.4636,59.4504
Run93BR_top_right.tif,790,69.9283,60.4007
Run93TL_bottom_left.tif,1054,72.3491,59.3978
Run93TL_bottom_right.tif,811,71.2855,59.9754
Run93TL_top_left.tif,1002,69.5337,58.4393
Run93TL_top_right.tif,722,67.4663,58.0945
Run93TR_bottom_left.tif,656,70.0202,59.9293
Run93TR_bottom_right.tif,724,69.2690,58.7739
Run93TR_top_left.tif,638,69.2522,59.1685
Run93TR_top_right.tif,622,65.6721,57.2075
Run94BL_bottom_left.tif,724,72.7891,63.2531
Run94BL_bottom_right.tif,667,68.6496,60.0873
Run94BL_top_left.tif,680,70.4446,60.7505
Run94BL_top_right.tif,700,67.2472,59.9150
Run94BR_bottom_left.tif,625,68.6729,60.0124
Run94BR_bottom_right.tif,715,69.8468,60.5454
Run94BR_top_left.tif,713,69.1809,61.3864
Run94BR_top_right.tif,700,69.2023,60.7073
Run94TL_bottom_left.tif,721,66.2680,60.1934
Run94TL_bottom_right.tif,711,66.6941,60.5324
Run94TL_top_left.tif,689,54.1923,54.7724
Run94TL_top_right.tif,732,55.7316,55.7025
Run94TR_bottom_left.tif,746,67.9933,61.6238
Run94TR_bottom_right.tif,706,71.5009,63.3167
Run94TR_top_left.tif,831,56.6470,56.2516
Run94TR_top_right.tif,640,58.2262,56.0677
Run95BL_bottom_left.tif,1287,59.4204,49.7467
Run95BL_bottom_right.tif,1344,60.2653,50.2134
Run95BL_top_left.tif,1384,57.0885,47.2469
Run95BL_top_right.tif,1202,56.3742,48.8710
Run95BR_bottom_left.tif,1106,59.0633,50.2447
Run95BR_bottom_right.tif,1098,59.2627,50.0606
Run95BR_top_left.tif,1208,57.1846,48.4432
Run95BR_top_right.tif,1258,57.3880,48.0663
Run95TL_bottom_left.tif,1488,55.4627,47.1141
Run95TL_bottom_right.tif,1117,55.7943,47.8515
Run95TL_top_left.tif,1376,54.4935,45.5739
Run95TL_top_right.tif,1347,55.6456,46.3931
Run95TR_bottom_left.tif,1266,57.1368,47.8768
Run95TR_bottom_right.tif,1280,56.4150,47.5306
Run95TR_top_left.tif,1275,53.9213,46.3544
Run95TR_top_right.tif,1323,55.6970,46.7743
Run96BL_bottom_left.tif,946,81.4716,66.8392
Run96BL_bottom_right.tif,935,78.8969,65.9078
Run96BL_top_left.tif,996,79.3067,66.5361
Run96BL_top_right.tif,961,76.8702,64.7877
Run96BR_bottom_left.tif,945,79.1055,65.2842
Run96BR_bottom_right.tif,992,78.3565,65.2164
Run96BR_top_left.tif,795,82.1692,68.6034
Run96BR_top_right.tif,834,77.1217,65.9654
Run96TL_bottom_left.tif,974,77.9444,66.2459
Run96TL_bottom_right.tif,964,79.6820,67.8896
Run96TL_top_left.tif,1117,72.5188,62.9800
Run96TL_top_right.tif,1145,73.8349,64.6927
Run96TR_bottom_left.tif,1002,79.3563,67.7512
Run96TR_bottom_right.tif,1034,79.8629,67.8174
Run96TR_top_left.tif,1174,74.2631,64.7178
Run96TR_top_right.tif,1219,73.3348,64.3888
Run97BL_bottom_left.tif,748,72.1525,62.7537
Run97BL_bottom_right.tif,845,72.5966,63.4762
Run97BL_top_left.tif,731,75.2662,66.5062
Run97BL_top_right.tif,874,76.1016,65.6679
Run97BR_bottom_left.tif,908,73.5245,64.3480
Run97BR_bottom_right.tif,812,70.0334,62.1014
Run97BR_top_left.tif,758,75.5624,64.7533
Run97BR_top_right.tif,812,76.5355,66.0415
Run97TL_bottom_left.tif,716,80.9855,69.8526
Run97TL_bottom_right.tif,859,83.5128,71.4261
Run97TL_top_left.tif,843,74.1395,66.2786
Run97TL_top_right.tif,989,76.2366,66.0444
Run97TR_bottom_left.tif,775,82.5398,71.1333
Run97TR_bottom_right.tif,870,82.2406,69.9679
Run97TR_top_left.tif,1005,76.0687,66.5386
Run97TR_top_right.tif,1096,76.2683,66.4643
Run98BL_bottom_left.tif,861,62.4943,53.7813
Run98BL_bottom_right.tif,911,61.8662,53.5910
Run98BL_top_left.tif,885,63.3160,54.2327
Run98BL_top_right.tif,924,64.1064,54.7245
Run98BR_bottom_left.tif,929,64.0435,54.7269
Run98BR_bottom_right.tif,856,61.9173,54.0969
Run98BR_top_left.tif,941,61.5995,53.8130
Run98BR_top_right.tif,915,61.0207,52.8442
Run98TL_bottom_left.tif,868,63.9486,55.3599
Run98TL_bottom_right.tif,962,62.6818,53.2927
Run98TL_top_left.tif,882,62.4579,54.0340
Run98TL_top_right.tif,995,62.4487,53.7561
Run98TR_bottom_left.tif,861,59.8001,52.1466
Run98TR_bottom_right.tif,710,61.0964,53.5852
Run98TR_top_left.tif,899,62.3972,54.1222
Run98TR_top_right.tif,785,62.7808,54.9179
Run99BL_bottom_left.tif,771,61.3522,53.8194
Run99BL_bottom_right.tif,749,61.2151,53.6448
Run99BL_top_left.tif,750,63.8534,56.1084
Run99BL_top_right.tif,731,64.7749,55.5593
Run99BR_bottom_left.tif,779,62.2449,53.7981
Run99BR_bottom_right.tif,726,60.6423,52.6025
Run99BR_top_left.tif,667,64.6381,56.1325
Run99BR_top_right.tif,645,62.5618,56.4065
Run99TL_bottom_left.tif,632,68.0295,59.2606
Run99TL_bottom_right.tif,508,69.5619,59.6741
Run99TL_top_left.tif,721,62.8795,56.0574
Run99TL_top_right.tif,580,60.8876,54.4500
Run99TR_bottom_left.tif,695,68.7551,59.0520
Run99TR_bottom_right.tif,729,68.8317,59.1706
Run99TR_top_left.tif,717,61.8416,55.7990
Run99TR_top_right.tif,782,63.9218,56.1049
Run9BL_bottom_left.tif,531,87.5215,72.5567
Run9BL_bottom_right.tif,562,86.6020,71.7408
Run9BL_top_left.tif,470,88.7634,70.8565
Run9BL_top_right.tif,536,85.7420,70.8279
Run9BR_bottom_left.tif,546,85.7485,70.2368
Run9BR_bottom_right.tif,702,84.7837,70.8949
Run9BR_top_left.tif,576,84.5050,69.4574
Run9BR_top_right.tif,723,82.0969,69.8843
Run9TL_bottom_left.tif,632,83.7894,70.3827
Run9TL_bottom_right.tif,715,85.1035,70.5480
Run9TL_top_left.tif,688,72.5076,65.1390
Run9TL_top_right.tif,730,73.0857,65.8406
Run9TR_bottom_left.tif,654,85.4886,69.9978
Run9TR_bottom_right.tif,725,81.0263,67.8472
Run9TR_top_left.tif,735,72.4221,65.3244
Run9TR_top_right.tif,696,72.0026,65.2024
